{"products":[{"id":"0.7998138709670803","qty":1}],"totalPrice":-0.5800000000000196}